def,mid,att
907.6363636363636364,1288.9090909090909091,623.0909090909090909
